State,Honey producing colonies,Yield per colony,Production,Stocks December 15,Average price per pound,Value of production,Year
AL,41,20,820,33,0.54,443,1989
AZ,78,45,3510,1158,0.55,1931,1989
AR,34,61,2074,249,0.47,975,1989
CA,560,34,19040,2857,0.49,9330,1989
CO,50,66,3300,495,0.54,1782,1989
CT,2,40,80,48,1.05,84,1989
DE,1,10,10,5,1,10,1989
FL,250,60,15000,1050,0.48,7200,1989
GA,116,27,3132,125,0.56,1754,1989
HI,9,135,1215,510,0.45,547,1989
ID,140,54,7560,1361,0.46,3478,1989
IL,29,38,1102,452,0.78,860,1989
IN,28,35,980,647,0.72,706,1989
IA,67,90,6030,1448,0.45,2714,1989
KS,37,46,1702,426,0.48,817,1989
KY,12,29,348,132,1.08,376,1989
LA,35,85,2975,179,0.47,1398,1989
ME,17,24,408,41,0.77,314,1989
MD,9,16,144,32,0.77,111,1989
MA,8,23,184,50,1.39,256,1989
MI,102,70,7140,1642,0.56,3998,1989
MN,165,92,15180,3492,0.45,6831,1989
MS,24,33,792,79,0.44,348,1989
MO,33,62,2046,696,0.56,1146,1989
MT,100,63,6300,819,0.47,2961,1989
NE,119,62,7378,1476,0.46,3394,1989
NV,15,54,810,162,0.5,405,1989
NH,1,35,35,11,1.43,50,1989
NJ,25,23,575,265,0.69,397,1989
NM,23,50,1150,253,0.54,621,1989
NY,94,59,5546,1664,0.55,3050,1989
NC,25,38,950,266,0.64,608,1989
ND,290,56,16240,1137,0.47,7633,1989
OH,53,20,1060,413,0.67,710,1989
OK,9,65,585,164,0.87,509,1989
OR,63,39,2457,418,0.52,1278,1989
PA,41,39,1599,560,0.62,991,1989
RI,1,39,39,14,1.39,54,1989
SC,15,19,285,74,0.67,191,1989
SD,230,49,11270,2029,0.46,5184,1989
TN,25,25,625,25,0.74,463,1989
TX,140,56,7840,1647,0.49,3842,1989
UT,47,44,2068,579,0.54,1117,1989
VT,6,61,366,102,0.74,271,1989
VA,23,20,460,97,0.54,248,1989
WA,70,46,3220,579,0.45,1449,1989
WV,32,44,1408,732,0.77,1084,1989
WI,108,74,7992,1599,0.57,4555,1989
WY,41,47,1927,250,0.49,944,1989
US,3443,51.4,176957,32542,0.498,89418,1989
AL,29,38,1102,143,0.55,606,1990
AZ,67,48,3216,836,0.49,1576,1990
AR,42,84,3528,423,0.49,1729,1990
CA,480,42,20160,2218,0.54,10886,1990
CO,55,64,3520,845,0.66,2323,1990
CT,2,52,104,47,1.3,135,1990
DE,1,11,11,3,1.27,14,1990
FL,220,95,20900,1881,0.48,10032,1990
GA,111,50,5550,333,0.59,3275,1990
HI,10,157,1570,314,0.47,738,1990
ID,140,40,5600,784,0.48,2688,1990
IL,23,40,920,543,0.73,672,1990
IN,22,47,1034,259,0.73,755,1990
IA,70,54,3780,945,0.53,2003,1990
KS,36,67,2412,241,0.6,1447,1990
KY,8,44,352,127,0.92,324,1990
LA,38,89,3382,169,0.53,1792,1990
ME,20,24,480,77,0.64,307,1990
MD,7,19,133,33,0.9,120,1990
MA,15,13,195,43,1.29,252,1990
MI,100,80,8000,2560,0.56,4480,1990
MN,170,74,12580,1384,0.49,6164,1990
MS,24,62,1488,104,0.5,744,1990
MO,30,63,1890,567,0.57,1077,1990
MT,98,81,7938,1191,0.54,4287,1990
NE,118,56,6608,1189,0.49,3238,1990
NV,17,58,986,296,0.72,710,1990
NH,1,54,54,19,0.85,46,1990
NJ,15,21,315,107,0.9,284,1990
NM,29,71,2059,453,0.53,1091,1990
NY,81,54,4374,1094,0.65,2843,1990
NC,20,50,1000,120,0.71,710,1990
ND,210,82,17220,689,0.52,8954,1990
OH,42,51,2142,643,0.79,1692,1990
OK,9,50,450,149,0.78,351,1990
OR,61,42,2562,615,0.54,1383,1990
PA,41,28,1148,379,0.67,769,1990
RI,1,31,31,9,1.04,32,1990
SC,12,41,492,49,0.69,339,1990
SD,245,81,19845,3771,0.5,9923,1990
TN,19,33,627,138,0.99,621,1990
TX,140,67,9380,1501,0.59,5534,1990
UT,47,37,1739,539,0.56,974,1990
VT,6,65,390,207,0.86,335,1990
VA,16,34,544,207,0.95,517,1990
WA,80,55,4400,440,0.5,2200,1990
WV,30,30,900,594,0.89,801,1990
WI,112,75,8400,1512,0.57,4788,1990
WY,40,57,2280,274,0.52,1186,1990
US,3210,61.6,197791,31060,0.537,107747,1990
AL,20,25,500,65,0.62,310,1991
AZ,75,50,3750,750,0.53,1988,1991
AR,47,79,3723,557,0.55,2042,1991
CA,520,63,32760,3276,0.54,0.9375,1991
CO,50,79,3950,514,0.65,2568,1991
FL,225,83,18675,1307,0.53,9898,1991
GA,102,42,4284,129,0.63,2699,1991
HI,10,131,1310,328,0.58,760,1991
ID,140,46,6440,1739,0.54,3478,1991
IL,21,52,1092,393,0.76,830,1991
IN,21,50,1050,368,0.62,651,1991
IA,92,56,5152,1133,0.55,2834,1991
KS,35,52,1820,291,0.6,1092,1991
KY,7,25,175,88,1.02,179,1991
LA,40,70,2800,168,0.52,1456,1991
ME,13,42,546,213,0.66,360,1991
MD,7,25,175,60,1.17,205,1991
MI,105,73,7665,2683,0.57,4369,1991
MN,180,91,16380,2457,0.54,8845,1991
MS,28,36,1008,71,0.52,524,1991
MO,28,65,1820,528,0.64,1165,1991
MT,86,92,7912,1187,0.54,4272,1991
NE,108,67,7236,1302,0.55,3980,1991
NV,15,54,810,275,1.14,923,1991
NJ,11,31,341,130,0.89,303,1991
NM,20,77,1540,447,0.56,862,1991
NY,77,62,4774,1337,0.6,2864,1991
NC,18,58,1044,167,0.67,699,1991
ND,215,103,22145,3100,0.56,12401,1991
OH,48,61,2928,761,0.66,1932,1991
OK,9,70,630,252,0.86,542,1991
OR,56,46,2576,721,0.57,1468,1991
PA,40,45,1800,594,0.65,1170,1991
SC,11,61,671,107,0.78,523,1991
SD,225,101,22725,4091,0.54,12272,1991
TN,14,38,532,106,0.68,362,1991
TX,140,78,10920,1201,0.55,6006,1991
UT,45,34,1530,199,0.57,872,1991
VT,6,75,450,198,0.9,405,1991
VA,16,33,528,58,0.66,348,1991
WA,85,42,3570,678,0.55,1964,1991
WV,26,24,624,287,1,624,1991
WI,110,67,7370,1843,0.55,4054,1991
WY,41,52,2132,192,0.55,1173,1991
US,3200,68.8,220105,36451,0.5589999999999999,124266,1991
AL,25,41,1025,113,0.59,605,1992
AZ,70,54,3780,1285,0.55,2079,1992
AR,45,65,2925,410,0.52,1521,1992
CA,470,67,31490,4094,0.52,16375,1992
CO,52,74,3848,847,0.59,2270,1992
FL,220,104,22880,2517,0.53,12126,1992
GA,85,55,4675,701,0.66,3086,1992
HI,9,138,1242,460,0.54,671,1992
ID,135,51,6885,1308,0.52,3580,1992
IL,16,53,848,237,0.88,746,1992
IN,15,31,465,186,0.72,335,1992
IA,65,62,4030,766,0.57,2297,1992
KS,28,58,1624,244,0.59,958,1992
KY,4,30,120,54,0.74,89,1992
LA,45,107,4815,385,0.51,2456,1992
ME,15,22,330,122,0.77,254,1992
MD,6,23,138,51,0.99,137,1992
MI,95,68,6460,2067,0.59,3811,1992
MN,190,90,17100,3591,0.54,9234,1992
MS,25,65,1625,163,0.51,829,1992
MO,25,77,1925,366,0.65,1251,1992
MT,87,110,9570,1818,0.55,5264,1992
NE,96,75,7200,792,0.53,3816,1992
NV,15,65,975,341,0.85,829,1992
NJ,8,22,176,48,0.91,160,1992
NM,18,68,1224,502,0.61,747,1992
NY,70,66,4620,1802,0.61,2818,1992
NC,15,45,675,95,0.79,533,1992
ND,240,91,21840,2184,0.53,11575,1992
OH,43,33,1419,233,0.6,851,1992
OK,9,52,468,80,0.74,346,1992
OR,52,49,2548,841,0.58,1478,1992
PA,30,41,1230,566,0.71,873,1992
SC,11,69,759,99,0.78,592,1992
SD,240,85,20400,3264,0.53,10812,1992
TN,7,43,301,66,0.74,223,1992
TX,125,85,10625,1.488,0.52,5525,1992
UT,47,56,2.632,632,0.58,1527,1992
VT,6,63,378,200,0.75,284,1992
VA,13,38,494,84,0.71,351,1992
WA,80,44,3520,1197,0.58,2042,1992
WV,23,55,1265,759,0.85,1075,1992
WI,105,66,6930,1525,0.58,4019,1992
WY,41,70,2870,287,0.54,1550,1992
US,3030,72.8,220584,38933,0.55,121321,1992
AL,19,45,855,103,0.67,573,1993
AZ,55,77,4235,932,0.5,2118,1993
AR,50,73,3650,548,0.51,1862,1993
CA,500,90,45000,7.2,0.51,22950,1993
CO,53,73,3869,1.161,0.61,2360,1993
FL,200,113,22600,2.712,0.51,11.526,1993
GA,80,56,4480,179,0.6,2688,1993
HI,9,177,1593,1.02,0.59,940,1993
ID,133,71,9443,1.7,0.53,5005,1993
IL,15,48,720,252,0.84,605,1993
IN,12,66,792,364,0.69,546,1993
IA,60,49,2940,441,0.56,1646,1993
KS,23,57,1311,891,0.6,787,1993
KY,4,60,240,89,0.84,202,1993
LA,47,86,4042,1213,0.53,2142,1993
ME,15,36,540,178,0.65,351,1993
MD,7,27,189,77,1.42,268,1993
MI,90,77,6930,2980,0.55,3812,1993
MN,180,80,14400,2160,0.53,7632,1993
MS,17,61,1037,114,0.48,498,1993
MO,24,78,1872,318,0.58,1086,1993
MT,87,98,8526,1.449,0.54,4604,1993
NE,83,70,5810,930,0.54,3137,1993
NV,14,52,728,3.28,0.98,713,1993
NJ,9,28,252,116,0.89,224,1993
NM,18,64,1152,541,0.68,783,1993
NY,65,62,4030,1733,0.59,2378,1993
NC,15,53,795,143,0.88,700,1993
ND,220,90,19800,2.772,0.53,10.494,1993
OH,35,66,2310,1.155,0.65,1.502,1993
OK,6,67,402,169,0.85,342,1993
OR,53,67,3551,994,0.6,2131,1993
PA,28,40,1.12,605,0.63,706,1993
SC,11,90,990,129,0.69,683,1993
SD,245,98,24010,4322,0.52,12485,1993
TN,8,51,408,86,0.93,379,1993
TX,105,82,8610,2755,0.53,4563,1993
UT,42,53,2226,445,0.55,1224,1993
VT,6,82,492,216,0.65,320,1993
VA,10,54,540,59,0.79,427,1993
WA,60,45,2700,513,0.56,1512,1993
WV,20,37,740,259,0.65,481,1993
WI,100,82,8200,4100,0.61,5002,1993
WY,34,55,1870,393,0.54,1010,1993
US,2876,80.1,230368,49063,0.544,125320,1993
AL,18,50,900,99,0.5,450,1994
AZ,47,59,2773,166,0.51,1414,1994
AR,50,71,3550,817,0.48,1704,1994
CA,400,60,24000,6480,0.5,12000,1994
CO,45,76,3420,1813,0.57,1949,1994
FL,230,84,19320,2898,0.46,8887,1994
GA,80,63,5040,958,0.58,2923,1994
HI,11,100,1100,429,0.5,550,1994
ID,127,59,7493,1274,0.5,3747,1994
IL,13,80,1040,468,1.05,1092,1994
IN,13,54,702,204,0.83,583,1994
IA,55,66,3630,1089,0.69,2505,1994
KS,19,47,893,214,0.64,572,1994
KY,3,54,162,57,1.01,164,1994
LA,35,98,3430,515,0.46,1578,1994
ME,8,55,440,172,0.61,268,1994
MD,7,36,252,83,0.98,247,1994
MI,90,86,7740,3870,0.56,4334,1994
MN,170,79,13430,2149,0.52,6984,1994
MS,19,53,1007,352,0.47,473,1994
MO,25,77,1925,270,0.52,1001,1994
MT,119,105,12495,3624,0.51,6372,1994
NE,72,55,3960,1465,0.52,2059,1994
NV,14,54,756,174,0.93,703,1994
NJ,9,33,297,107,0.62,184,1994
NM,19,64,1216,730,0.47,572,1994
NY,68,68,4624,2451,0.65,3006,1994
NC,15,59,885,266,0.97,858,1994
ND,235,138,32430,7459,0.46,14918,1994
OH,27,64,1728,691,0.59,1020,1994
OK,5,58,290,104,0.88,255,1994
OR,50,65,3250,1008,0.53,1723,1994
PA,27,47,1269,622,0.58,736,1994
SC,10,100,1000,150,0.82,820,1994
SD,260,100,26000,8580,0.51,13260,1994
TN,6,51,306,107,0.97,297,1994
TX,103,74,7622,2058,0.49,3735,1994
UT,43,59,2537,1218,0.54,1370,1994
VT,5,77,385,189,0.7,270,1994
VA,11,52,572,109,0.64,366,1994
WA,60,62,3720,1265,0.54,2009,1994
WV,20,44,880,414,1.14,1003,1994
WI,75,71,5325,1864,0.55,2929,1994
WY,46,69,3174,667,0.53,1682,1994
Other,6,37,222,114,1.09,242,1994
US,2770,78.4,217168,59813,0.512,111.19,1994
AL,16,58,928,28,0.69,640,1995
AZ,52,79,4108,986,0.65,2670,1995
AR,50,60,3000,900,0.71,2130,1995
CA,420,93,39060,4687,0.63,24608,1995
CO,45,60,2700,1404,0.73,1971,1995
FL,230,86,19780,1780,0.64,12659,1995
GA,70,62,4340,260,0.71,3081,1995
HI,8,129,1032,103,0.56,578,1995
ID,125,48,6000,1020,0.69,4140,1995
IL,11,74,814,212,1.13,920,1995
IN,12,63,756,166,0.72,544,1995
IA,50,68,3400,612,0.77,2618,1995
KS,17,67,1139,182,0.89,1014,1995
KY,3,44,132,30,1.02,135,1995
LA,33,119,3927,275,0.63,2474,1995
ME,11,45,495,223,0.97,480,1995
MD,7,35,245,81,1.03,252,1995
MI,97,92,8924,3570,0.78,6961,1995
MN,165,82,13530,1218,0.7,9471,1995
MS,16,70,1120,146,0.68,762,1995
MO,23,67,1541,308,0.73,1125,1995
MT,106,80,8480,1781,0.72,6106,1995
NE,60,73,4380,1402,0.73,3197,1995
NV,10,29,290,38,0.9,261,1995
NJ,8,34,272,57,0.77,209,1995
NM,19,65,1235,247,0.83,1025,1995
NY,70,75,5250,2100,0.71,3728,1995
NC,12,52,624,162,0.84,524,1995
ND,220,108,23760,3802,0.67,15919,1995
OH,25,62,1550,930,0.74,1147,1995
OK,4,76,304,112,0.93,283,1995
OR,52,52,2704,2488,0.78,2109,1995
PA,25,43,1075,376,0.73,785,1995
SC,9,90,810,65,1.26,1021,1995
SD,240,85,20400,4896,0.71,14484,1995
TN,5,53,265,87,1.17,310,1995
TX,84,106,8904,1959,0.67,5966,1995
UT,32,33,1056,232,0.65,686,1995
VT,5,67,335,131,0.86,288,1995
VA,9,45,405,97,0.67,271,1995
WA,60,59,3540,637,0.57,2018,1995
WV,13,41,533,48,1.18,629,1995
WI,73,79,5767,2134,0.7,4037,1995
WY,38,36,1368,150,0.73,999,1995
US,2648,79.5,210516,42226,0.685,144203,1995
AL,16,64,1024,102,0.86,881,1996
AZ,32,60,1920,307,0.84,1613,1996
AR,40,84,3360,336,0.87,2923,1996
CA,390,70,27300,4641,0.84,22932,1996
CO,30,74,2220,1132,0.79,1754,1996
FL,240,105,25200,2268,0.91,22932,1996
GA,75,68,5100,306,0.89,4539,1996
HI,8,155,1240,62,0.8,992,1996
ID,110,45,4950,1535,0.9,4455,1996
IL,11,74,814,285,1.3,1058,1996
IN,9,75,675,412,1.07,722,1996
IA,58,67,3886,933,0.98,3808,1996
KS,16,51,816,294,0.96,783,1996
KY,3,60,180,23,1.27,229,1996
LA,37,106,3922,784,0.84,3294,1996
ME,10,23,210,23,1.26,290,1996
MD,7,32,224,40,1.11,249,1996
MI,90,96,8640,4320,1.1,9504,1996
MN,150,77,11550,1617,0.91,10511,1996
MS,17,80,1360,299,0.85,1156,1996
MO,22,74,1628,326,0.92,1498,1996
MT,117,60,7020,1825,0.88,6178,1996
NE,65,75,4875,1755,0.92,4485,1996
NV,14,61,854,68,1.05,897,1996
NJ,5,45,225,119,1.06,239,1996
NM,15,77,1155,219,0.94,1086,1996
NY,68,80,5440,2557,0.88,4787,1996
NC,12,44,528,53,1.06,560,1996
ND,230,86,19780,4945,0.9,17802,1996
OH,24,70,1680,840,0.98,1646,1996
OK,4,59,236,54,1.07,253,1996
OR,55,59,3245,1071,0.92,2985,1996
PA,23,46,1058,370,0.99,1047,1996
SC,9,90,810,81,1.13,915,1996
SD,240,97,23280,6751,0.91,21185,1996
TN,5,64,320,90,1.37,438,1996
TX,82,83,6806,1361,0.87,5921,1996
UT,34,46,1564,328,0.85,1329,1996
VT,4,83,332,93,1.08,359,1996
VA,7,50,350,119,1.36,476,1996
WA,57,58,3306,1025,0.89,2942,1996
WV,10,59,590,207,1.69,997,1996
WI,69,78,5382,2422,0.83,4467,1996
WY,40,73,2920,526,0.91,2657,1996
US,2566,77.2,198095,46975,0.894,177097,1996
AL,14,66,924,92,0.81,748,1997
AZ,42,80,3360,1344,0.72,2419,1997
AR,50,95,4750,3468,0.7,3325,1997
CA,420,75,31500,9450,0.7,22050,1997
CO,35,55,1925,982,0.82,1579,1997
FL,240,67,16080,2734,0.73,11738,1997
GA,75,46,3450,587,0.79,2726,1997
HI,9,146,1314,158,0.86,1130,1997
ID,120,64,7680,2304,0.72,5530,1997
IL,7,69,483,222,1.27,613,1997
IN,8,71,568,352,1.13,642,1997
IA,45,74,3330,1765,0.86,2864,1997
KS,17,71,1207,688,0.81,978,1997
KY,3,60,180,54,1.48,266,1997
LA,44,115,5060,759,0.7,3542,1997
ME,8,19,152,9,0.7,106,1997
MD,6,40,240,65,1.59,382,1997
MI,85,70,5950,3273,0.77,4582,1997
MN,145,73,10585,2011,0.74,7833,1997
MS,19,73,1387,777,0.73,1013,1997
MO,24,77,1848,517,0.78,1441,1997
MT,107,120,12840,4237,0.74,9502,1997
NE,61,67,4087,2738,0.77,3147,1997
NV,14,61,854,171,1.14,974,1997
NJ,10,49,490,201,1.04,510,1997
NM,15,60,900,396,0.87,783,1997
NY,72,60,4320,2246,0.85,3672,1997
NC,8,58,464,139,1.19,552,1997
ND,245,100,24500,7350,0.74,18130,1997
OH,22,80,1760,827,0.85,1496,1997
OK,4,58,232,97,1.37,318,1997
OR,50,53,2650,1537,0.79,2094,1997
PA,22,48,1056,528,1,1056,1997
SD,240,65,15600,8736,0.74,11544,1997
TN,7,62,434,148,1.47,638,1997
TX,94,106,9964,3188,0.75,7473,1997
UT,32,52,1664,699,0.75,1248,1997
VT,5,63,315,249,0.83,261,1997
VA,8,53,424,157,1.45,615,1997
WA,60,52,3120,1498,0.76,2371,1997
WV,8,70,560,280,1.11,622,1997
WI,79,60,4740,2797,0.9,4266,1997
WY,38,62,2356,660,0.75,1767,1997
US,2631,74.7,196536,70696,0.752,147795,1997
AL,16,71,1136,159,0.72,818,1998
AZ,55,60,3300,1485,0.64,2112,1998
AR,53,65,3445,1688,0.59,2033,1998
CA,450,83,37350,12326,0.62,23157,1998
CO,27,72,1944,1594,0.7,1361,1998
FL,230,98,22540,4508,0.64,14426,1998
GA,75,56,4200,307,0.69,2898,1998
HI,8,118,944,66,0.75,708,1998
ID,120,50,6000,2220,0.65,3900,1998
IL,9,71,639,204,1.19,760,1998
IN,9,92,828,489,0.85,704,1998
IA,50,78,3900,2301,0.7,2730,1998
KS,16,46,736,390,0.87,640,1998
KY,3,50,150,51,1.4,210,1998
LA,41,111,4551,865,0.59,2685,1998
ME,10,26,260,117,0.69,179,1998
MD,7,44,308,92,1.1,339,1998
MI,80,85,6800,3672,0.66,4488,1998
MN,140,79,11060,2765,0.65,7189,1998
MS,18,86,1548,898,0.58,898,1998
MO,23,66,1518,455,0.76,1154,1998
MT,115,122,14030,5472,0.64,8979,1998
NE,64,70,4480,2240,0.86,3853,1998
NV,10,46,460,175,1.65,759,1998
NJ,11,49,539,167,0.76,410,1998
NM,14,55,770,470,0.76,585,1998
NY,65,80,5200,2444,0.7,3640,1998
NC,8,59,472,151,1.38,651,1998
ND,230,128,29440,8832,0.63,18547,1998
OH,18,78,1404,702,0.83,1165,1998
OK,4,51,204,63,1.24,253,1998
OR,50,45,2250,1620,0.9,2025,1998
PA,23,66,1518,698,0.8,1214,1998
SD,225,95,21375,10901,0.64,13680,1998
TN,7,64,448,121,1.32,591,1998
TX,91,77,7007,1612,0.62,4344,1998
UT,30,58,1740,557,0.65,1131,1998
VT,,64,384,207,0.85,326,1998
VA,,37,296,86,1.33,394,1998
WA,58,51,2958,1361,0.64,1893,1998
WV,6,55,330,155,1.14,376,1998
WI,89,91,8099,5264,0.72,5831,1998
WY,46,60,2760,524,0.68,1877,1998
US,2633,83.7,220316,80808,0.655,147254,1998
AL,17,68,1156,185,0.56,647,1999
AZ,52,62,3224,1548,0.62,1999,1999
AR,52,89,4628,2592,0.53,2453,1999
CA,505,60,30300,10302,0.53,16059,1999
CO,27,76,2052,1436,0.68,1395,1999
FL,228,102,23256,4186,0.53,12326,1999
GA,65,51,3315,497,0.64,2122,1999
HI,8,80,640,32,0.78,499,1999
ID,120,48,5760,3110,0.59,3398,1999
IL,9,66,594,327,1.15,683,1999
IN,10,81,810,437,0.9,729,1999
IA,40,65,2600,2028,0.65,1690,1999
KS,13,67,871,854,1.11,967,1999
KY,3,50,150,12,1.24,186,1999
LA,48,114,5472,821,0.49,2681,1999
ME,14,22,308,89,0.83,256,1999
MD,6,46,276,50,1.64,453,1999
MI,73,85,6205,3475,0.66,4095,1999
MN,145,82,11890,3210,0.61,7253,1999
MS,18,73,1314,591,0.54,710,1999
MO,24,65,1560,437,0.68,1061,1999
MT,122,70,8540,2135,0.6,5124,1999
NE,58,77,4466,1965,0.61,2724,1999
NV,9,45,383,257,1.54,590,1999
NJ,10,44,440,154,0.57,251,1999
NM,15,52,780,476,0.77,601,1999
NY,69,70,4830,2077,0.66,3188,1999
NC,9,46,414,104,1.62,671,1999
ND,255,105,26775,8836,0.59,15797,1999
OH,20,74,1480,784,0.72,1066,1999
OK,6,45,270,49,1.34,362,1999
OR,45,57,2565,2026,0.8,2052,1999
PA,25,60,1500,705,0.76,1140,1999
SD,224,104,23296,13046,0.6,13978,1999
TN,8,51,408,106,1.3,530,1999
TX,108,81,8748,2799,0.64,5599,1999
UT,26,45,1170,433,0.68,796,1999
VT,6,66,396,222,0.63,249,1999
VA,7,35,245,86,1.17,287,1999
WA,52,50,2600,1170,0.6,1560,1999
WV,6,39,234,152,1.09,255,1999
WI,80,75,6000,4560,0.68,4080,1999
WY,37,72,2664,746,0.61,1625,1999
US,2688,76.3,205228,79361,0.599,125422,1999
AL,16,78,1248,187,0.59,736,2000
AZ,40,59,2360,1322,0.73,1723,2000
AR,55,93,5115,3529,0.57,2916,2000
CA,440,70,30800,11396,0.58,17864,2000
CO,29,60,1740,957,0.62,1079,2000
FL,232,105,24360,2923,0.54,13154,2000
GA,55,57,3135,376,0.63,1975,2000
HI,7,112,784,125,0.81,635,2000
ID,100,47,4700,2679,0.52,2444,2000
IL,8,61,488,146,1.17,571,2000
IN,8,65,520,286,1.03,536,2000
IA,30,67,2010,1206,0.67,1347,2000
KS,15,68,1020,520,0.91,928,2000
KY,3,48,144,40,1.35,194,2000
LA,43,94,4042,1334,0.52,2102,2000
ME,11,21,231,143,0.75,173,2000
MD,6,46,276,52,1.14,315,2000
MI,72,75,5400,2970,0.6,3240,2000
MN,150,90,13500,3105,0.57,7695,2000
MS,17,72,1224,649,0.69,845,2000
MO,23,75,1725,362,0.6,1035,2000
MT,148,86,12728,5982,0.59,7510,2000
NE,50,87,4350,2610,0.59,2567,2000
NV,10,35,350,95,1.45,508,2000
NJ,11,35,385,200,0.61,235,2000
NM,15,64,960,739,0.72,691,2000
NY,58,80,4640,2274,0.55,2552,2000
NC,11,49,539,243,1.43,771,2000
ND,290,115,33350,13340,0.56,18676,2000
OH,18,65,1170,585,0.79,924,2000
OK,7,35,245,64,1.26,309,2000
OR,48,51,2448,1665,0.66,1616,2000
PA,22,45,990,554,0.76,752,2000
SD,235,121,28435,12796,0.57,16208,2000
TN,9,61,549,104,1.43,785,2000
TX,105,79,8295,2986,0.57,4728,2000
UT,24,41,984,462,0.6,590,2000
VT,7,59,413,211,0.68,281,2000
VA,7,42,294,103,1.5,441,2000
WA,52,54,2808,1151,0.58,1629,2000
WV,7,54,378,234,1.22,461,2000
WI,84,90,7560,4385,0.68,5141,2000
WY,39,93,3627,798,0.59,2140,2000
US,2634,83.9,221005,86158,0.594,132205,2000
AL,14,73,1022,235,0.71,726,2001
AZ,43,59,2537,1142,0.78,1979,2001
AR,58,98,5655,1872,0.66,3732,2001
CA,425,65,27625,7735,0.67,18509,2001
CO,26,55,1430,529,0.7,1001,2001
FL,220,100,22000,3432,0.62,13640,2001
GA,55,57,3135,188,0.7,2195,2001
HI,8,87,696,84,0.85,592,2001
ID,100,46,4600,1610,0.66,3036,2001
IL,6,76,456,251,1.72,784,2001
IN,8,76,608,213,0.86,523,2001
IA,33,51,1683,875,0.73,1229,2001
KS,13,51,663,530,0.85,564,2001
KY,3,78,234,94,1.31,307,2001
LA,45,106,4770,572,0.6,2862,2001
ME,11,20,220,106,0.7,154,2001
MD,4,46,184,55,1.72,316,2001
MI,76,60,4560,2827,0.78,3557,2001
MN,135,81,10935,1859,0.63,6889,2001
MS,17,66,1122,224,0.6,673,2001
MO,25,61,1525,381,0.68,1037,2001
MT,136,102,13872,4578,0.65,9017,2001
NE,43,48,2064,1115,0.66,1362,2001
NV,11,50,550,44,2.01,1106,2001
NJ,11,34,374,71,0.82,307,2001
NM,15,70,1050,525,0.65,683,2001
NY,53,70,3710,1781,0.68,2523,2001
NC,11,44,484,145,1.58,765,2001
ND,280,96,26880,9408,0.65,17472,2001
OH,16,81,1296,505,0.85,1102,2001
OK,4,47,188,105,1.41,265,2001
OR,44,44,1936,1200,0.69,1336,2001
PA,17,57,969,514,0.87,843,2001
SD,235,65,15275,12220,0.64,9776,2001
TN,9,59,531,147,1.37,727,2001
TX,97,79,7663,1533,0.64,4904,2001
UT,23,38,874,315,0.65,568,2001
VT,7,81,567,249,0.91,516,2001
VA,9,52,468,94,1.17,548,2001
WA,42,52,2184,917,0.67,1463,2001
WV,7,65,455,410,1.55,705,2001
WI,67,81,5427,3419,0.76,4125,2001
WY,38,77,2926,468,0.63,1843,2001
Other,13,40,523,173,1.53,799,2001
US,2513,74.0,185926,64750,0.669,127060,2001
AL,12,86,1032,103,1.11,1146,2002
AZ,38,63,2394,1197,1.1,2633,2002
AR,55,88,4840,1065,1.24,6002,2002
CA,440,53,23320,3498,1.29,30083,2002
CO,24,60,1440,576,1.22,1757,2002
FL,220,93,20460,2026,1.12,22915,2002
GA,50,52,2600,52,1.1,2860,2002
HI,7,136,952,29,1.1,1047,2002
ID,100,57,5700,1653,1.35,7695,2002
IL,9,80,720,130,1.42,1022,2002
IN,8,62,496,233,1.14,565,2002
IA,33,70,2310,901,1.37,3165,2002
KS,17,52,884,407,1.56,1379,2002
KY,3,54,162,47,1.65,267,2002
LA,35,124,4340,347,1.14,4948,2002
ME,11,41,451,266,1.21,546,2002
MD,3,46,138,21,1.75,242,2002
MI,72,77,5544,1885,1.34,7429,2002
MN,117,73,8541,1110,1.42,12128,2002
MS,18,78,1404,281,1.18,1657,2002
MO,18,53,954,200,1.37,1307,2002
MT,134,63,8442,1097,1.35,11397,2002
NE,43,75,3225,1161,1.45,4676,2002
NV,9,62,558,61,2.27,1267,2002
NJ,10,35,350,74,0.98,343,2002
NM,11,44,484,252,1.09,528,2002
NY,60,98,5880,2470,1.17,6880,2002
NC,14,51,714,86,1.36,971,2002
ND,320,75,24000,8160,1.42,34080,2002
OH,16,81,1296,518,1.4,1814,2002
OK,3,53,159,51,1.6,254,2002
OR,39,49,1911,803,1.28,2446,2002
PA,18,57,1026,513,1.3,1334,2002
SC,5,94,470,14,1.25,588,2002
SD,225,51,11475,2410,1.4,16065,2002
TN,8,61,488,137,1.37,669,2002
TX,114,67,7638,985,1.09,8325,2002
UT,22,59,1298,208,1.29,1674,2002
VT,7,89,623,274,1.19,741,2002
VA,7,38,266,69,1.86,495,2002
WA,44,51,2244,494,1.25,2805,2002
WV,9,51,459,151,1.37,629,2002
WI,70,95,6650,2461,1.3,8645,2002
WY,38,63,2394,383,1.39,3328,2002
Other,8,51,408,188,2.18,891,2002
US,2524,67.8,171140,39047,1.286,221638,2002
AL,13,82,1066,43,1.26,1343,2003
AZ,40,72,2880,1123,1.38,3974,2003
AR,40,75,3000,810,1.27,3810,2003
CA,480,67,32160,6432,1.42,45667,2003
CO,24,86,2064,722,1.38,2848,2003
FL,210,71,14910,1491,1.35,20129,2003
GA,52,65,3380,270,1.28,4326,2003
HI,7,113,791,43,1.43,1131,2003
ID,100,46,4600,1380,1.35,6210,2003
IL,7,60,420,252,1.73,727,2003
IN,5,56,280,78,1.59,445,2003
IA,32,59,1888,868,1.45,2738,2003
KS,16,57,912,447,1.58,1441,2003
KY,5,48,240,14,1.64,394,2003
LA,34,90,3060,275,1.24,3794,2003
ME,8,33,264,145,1.4,370,2003
MD,2,42,84,21,1.91,160,2003
MI,65,74,4810,1732,1.47,7071,2003
MN,120,83,9960,1892,1.46,14542,2003
MS,21,69,1449,246,1.28,1855,2003
MO,17,53,901,189,1.41,1270,2003
MT,145,66,9570,1914,1.48,14164,2003
NE,45,74,3330,1299,1.43,4762,2003
NV,6,64,384,46,2.41,925,2003
NJ,10,19,190,101,1.57,298,2003
NM,6,41,246,108,1.16,285,2003
NY,67,72,4824,1640,1.4,6754,2003
NC,10,44,440,79,1.9,836,2003
ND,340,87,29580,6803,1.36,40229,2003
OH,15,50,750,278,1.43,1073,2003
OK,3,47,141,69,1.83,258,2003
OR,42,51,2142,964,1.26,2699,2003
PA,27,50,1350,419,1.32,1782,2003
SC,6,70,420,13,1.95,819,2003
SD,200,70,14000,2520,1.46,20440,2003
TN,7,40,280,53,1.53,428,2003
TX,140,67,9380,1126,1.42,13320,2003
UT,23,57,1311,144,1.3,1704,2003
VT,7,83,581,163,1.92,1116,2003
VA,6,37,222,69,1.69,375,2003
WA,58,56,3248,942,1.52,4937,2003
WV,8,47,376,194,2.01,756,2003
WI,74,77,5698,2678,1.44,8205,2003
WY,39,81,3159,474,1.4,4423,2003
Other,8,44,355,166,2.7,958,2003
US,2590,69.9,181096,40735,1.4040000000000001,255791,2003
AL,12,87,1044,282,1.4,1462,2004
AZ,32,55,1760,774,1.15,2024,2004
AR,40,57,2280,388,0.9,2052,2004
CA,390,45,17550,5792,1.01,17726,2004
CO,23,80,1840,791,1.48,2723,2004
FL,205,98,20090,2009,1,20090,2004
GA,63,49,3087,648,1.18,3643,2004
HI,8,96,768,77,1.41,1083,2004
ID,100,63,6300,2520,1.01,6363,2004
IL,7,55,385,193,1.93,743,2004
IN,7,59,413,145,1.58,653,2004
IA,35,67,2345,1337,1.28,3002,2004
KS,14,80,1120,683,1.23,1378,2004
LA,35,98,3430,240,0.79,2710,2004
ME,7,31,217,37,1.27,276,2004
MI,65,67,4355,2439,1.17,5095,2004
MN,135,75,10125,1924,1.04,10530,2004
MS,18,65,1170,421,0.8,936,2004
MO,16,41,656,151,1.37,899,2004
MT,140,77,10780,3773,1.06,11427,2004
NE,51,89,4539,2043,1.07,4857,2004
NV,14,55,770,316,3.3,2541,2004
NJ,12,27,324,45,1.38,447,2004
NM,8,44,352,127,1.22,429,2004
NY,64,67,4288,1887,1.33,5703,2004
NC,9,40,360,72,2.18,785,2004
ND,390,78,30420,9126,1.05,31941,2004
OH,16,58,928,353,1.5,1392,2004
OR,42,54,2268,1111,1.24,2812,2004
PA,30,54,1620,810,1.38,2236,2004
SD,215,105,22575,13545,1.06,23930,2004
TN,6,54,324,91,1.72,557,2004
TX,116,76,8816,1411,0.96,8463,2004
UT,23,70,1610,531,1.04,1674,2004
VT,6,68,408,192,1.45,592,2004
VA,7,38,266,69,2.13,567,2004
WA,56,63,3528,1376,1.03,3634,2004
WV,9,55,495,183,1.42,703,2004
WI,68,86,5848,2632,1.33,7778,2004
WY,39,75,2925,380,1.09,3188,2004
Other,23,52,1203,298,2.28,2746,2004
US,2556,71.8,183582,61222,1.085,201790,2004
AL,13,66,858,266,1.28,1098,2005
AZ,36,50,1800,720,0.97,1746,2005
AR,36,69,2484,571,0.95,2360,2005
CA,400,75,30000,9300,0.84,25200,2005
CO,26,70,1820,837,1.04,1893,2005
FL,160,86,13760,2477,0.87,11971,2005
GA,59,49,2891,434,0.84,2428,2005
HI,9,131,1179,283,1.34,1580,2005
ID,95,37,3515,1793,0.8,2812,2005
IL,8,85,680,408,1.62,1102,2005
IN,8,64,512,189,1.19,609,2005
IA,28,88,2464,1232,0.98,2415,2005
KS,16,50,800,328,1.24,992,2005
KY,5,50,250,40,2.12,530,2005
LA,35,97,3395,611,0.71,2410,2005
ME,8,26,208,193,1.87,389,2005
MI,65,68,4420,2519,0.99,4376,2005
MN,120,74,8880,1598,0.83,7370,2005
MS,16,80,1280,346,0.66,845,2005
MO,15,50,750,180,1.21,908,2005
MT,130,67,8710,3136,0.8,6968,2005
NE,40,68,2720,2530,0.89,2421,2005
NV,12,46,552,442,2.09,1154,2005
NJ,12,32,384,104,1.18,453,2005
NM,7,49,343,113,1.02,350,2005
NY,60,73,4380,2321,1.22,5344,2005
NC,10,54,540,146,1.94,1048,2005
ND,370,91,33670,8418,0.81,27273,2005
OH,15,69,1035,580,1.41,1459,2005
OR,39,42,1638,557,1.08,1769,2005
PA,28,56,1568,800,1.05,1646,2005
SD,220,79,17380,11818,0.76,13209,2005
TN,7,55,385,92,1.64,631,2005
TX,84,71,5964,954,0.85,5069,2005
UT,23,45,1035,331,1.03,1066,2005
VT,6,91,546,169,1.06,579,2005
VA,8,37,296,59,2.21,654,2005
WA,51,55,2805,1935,1.06,2973,2005
WV,8,51,408,102,1.24,506,2005
WI,64,83,5312,2922,1.14,6056,2005
WY,40,56,2240,291,0.87,1949,2005
Other,18,44,786,261,2.78,2184,2005
US,2410,72.5,174643,62406,0.904,157795,2005
AL,11,72,792,230,1.46,1156,2006
AZ,30,65,1950,839,1.39,2711,2006
AR,32,76,2432,730,1.05,2554,2006
CA,380,52,19760,7706,0.98,19365,2006
CO,36,75,2700,1458,1.39,3753,2006
FL,170,81,13770,1790,1.01,13908,2006
GA,63,74,4662,746,1.16,5408,2006
HI,10,93,930,233,1.19,1107,2006
ID,95,44,4180,2592,0.86,3595,2006
IL,10,66,660,356,1.88,1241,2006
IN,6,54,324,107,1.51,489,2006
IA,26,84,2184,1441,1.15,2512,2006
KS,14,55,770,246,1.4,1078,2006
KY,5,56,280,70,2.2,616,2006
LA,30,90,2700,675,0.89,2403,2006
ME,11,23,253,86,2,506,2006
MI,72,55,3960,2099,1.28,5069,2006
MN,125,80,10000,3300,0.89,8900,2006
MS,14,98,1372,453,1.05,1441,2006
MO,15,46,690,117,1.49,1028,2006
MT,132,79,10428,1981,1,10428,2006
NE,47,73,3431,3843,1.04,3568,2006
NV,9,37,333,50,3.55,1182,2006
NJ,9,36,324,152,1.15,373,2006
NM,7,48,336,104,0.96,323,2006
NY,60,64,3840,2458,1.38,5299,2006
NC,10,50,500,215,1.56,780,2006
ND,350,74,25900,7770,0.9,23310,2006
OH,14,56,784,282,1.45,1137,2006
OR,46,48,2208,729,1.11,2451,2006
PA,28,40,1120,605,1.61,1803,2006
SD,225,47,10575,10575,0.82,8672,2006
TN,7,55,385,58,1.84,708,2006
TX,82,70,5740,976,0.87,4994,2006
UT,23,50,1150,265,1.05,1208,2006
VT,6,56,336,144,1.21,407,2006
VA,8,42,336,114,2.19,736,2006
WA,49,52,2548,1605,1.19,3032,2006
WV,5,42,210,57,1.95,410,2006
WI,64,93,5952,2500,1.14,6785,2006
WY,39,85,3315,497,0.88,2917,2006
Other,17,43,726,274,2.69,1951,2006
US,2392,64.7,154846,60528,1.042,161314,2006
AL,11,56,616,209,1.41,869,2007
AZ,30,64,1920,902,1.18,2266,2007
AR,28,80,2240,717,0.95,2128,2007
CA,340,40,13600,3672,1.04,14144,2007
CO,33,51,1683,892,1.12,1885,2007
FL,160,71,11360,1363,0.99,11246,2007
GA,60,58,3480,522,1.14,3967,2007
HI,10,92,920,285,1.58,1454,2007
ID,92,41,3772,1848,1.08,4074,2007
IL,9,63,567,374,2.4,1361,2007
IN,7,51,357,100,1.39,496,2007
IA,26,81,2106,1221,1.26,2654,2007
KS,14,40,560,196,1.12,627,2007
KY,4,61,244,54,2.08,508,2007
LA,29,89,2581,413,1.08,2787,2007
ME,9,26,234,59,1.39,325,2007
MI,72,64,4608,2350,1.14,5253,2007
MN,130,68,8840,2564,0.99,8752,2007
MS,15,105,1575,189,0.9,1418,2007
MO,13,47,611,141,1.05,642,2007
MT,135,68,9180,2203,0.94,8629,2007
NE,45,49,2205,1477,0.98,2161,2007
NV,10,28,280,67,3.6,1008,2007
NJ,9,57,513,185,2.17,1113,2007
NM,6,59,354,138,1.36,481,2007
NY,56,57,3192,1947,1.42,4533,2007
NC,11,45,495,69,2.25,1114,2007
ND,420,74,31080,9013,0.92,28594,2007
OH,14,61,854,376,1.75,1495,2007
OR,44,43,1892,1041,1.21,2289,2007
PA,25,42,1050,326,1.63,1712,2007
SD,255,52,13260,10608,0.93,12332,2007
TN,7,65,455,114,1.95,887,2007
TX,105,82,8610,1550,0.95,8180,2007
UT,25,39,975,224,1.12,1092,2007
VT,5,64,320,96,1.26,403,2007
VA,6,46,276,63,2.35,649,2007
WA,46,44,2024,648,1.25,2530,2007
WV,5,48,240,79,1.96,470,2007
WI,60,84,5040,3024,1.15,5796,2007
WY,43,80,3440,894,1.03,3543,2007
Other,18,49,873,271,2.53,2209,2007
US,2442,60.8,148482,52484,1.032,153233,2007
AL,9,66,594,214,1.86,1105,2008
AZ,25,64,1600,336,1.25,2000,2008
AR,28,75,2100,525,1.31,2751,2008
CA,360,51,18360,4039,1.41,25888,2008
CO,27,45,1215,656,1.5,1823,2008
FL,150,79,11850,1304,1.3,15405,2008
GA,55,71,3905,312,1.49,5818,2008
HI,10,90,900,225,1.48,1332,2008
ID,90,40,3600,1440,1.42,5112,2008
IL,8,56,448,116,2.46,1102,2008
IN,6,67,402,129,1.61,647,2008
IA,24,62,1488,580,1.56,2321,2008
KS,10,61,610,128,1.52,927,2008
KY,4,39,156,27,2.36,368,2008
LA,29,77,2233,246,1.33,2970,2008
ME,7,42,294,79,1.5,441,2008
MI,71,73,5183,2021,1.43,7412,2008
MN,122,78,9516,2569,1.39,13227,2008
MS,14,98,1372,110,1.3,1784,2008
MO,11,53,583,152,1.78,1038,2008
MT,134,70,9380,4596,1.37,12851,2008
NE,36,67,2412,1254,1.42,3425,2008
NV,10,29,290,52,2.37,687,2008
NJ,9,40,360,122,1.58,569,2008
NM,6,48,288,95,1.48,426,2008
NY,50,70,3500,1260,1.5,5250,2008
NC,12,52,624,137,2.12,1323,2008
ND,390,90,35100,8424,1.35,47385,2008
OH,14,53,742,371,1.88,1395,2008
OR,50,43,2150,1097,1.48,3182,2008
PA,23,48,1104,276,1.65,1822,2008
SD,225,95,21375,11970,1.34,28643,2008
TN,7,61,427,149,2.04,871,2008
TX,77,64,4928,1380,1.34,6604,2008
UT,28,48,1344,242,1.56,2097,2008
VT,5,66,330,119,1.79,591,2008
VA,6,42,252,45,2.18,549,2008
WA,41,44,1804,722,1.5,2706,2008
WV,6,43,258,49,1.98,511,2008
WI,58,80,4640,2366,1.4,6496,2008
WY,39,61,2379,381,1.37,3259,2008
Other,15,51,765,130,2.29,1752,2008
US,2301,69.9,160861,50445,1.41,226814,2008
AL,9,49,441,66,1.82,803,2009
AZ,20,52,1040,562,1.53,1591,2009
AR,24,57,1368,301,1.39,1902,2009
CA,355,33,11715,2109,1.39,16284,2009
CO,28,53,1484,326,1.4,2078,2009
FL,150,68,10200,1428,1.38,14076,2009
GA,65,41,2665,346,1.47,3918,2009
HI,10,95,950,323,1.63,1549,2009
ID,103,46,4738,1706,1.45,6870,2009
IL,8,34,272,57,2.26,615,2009
IN,9,32,288,101,1.98,570,2009
IA,26,42,1092,339,1.51,1649,2009
KS,9,63,567,164,1.89,1072,2009
KY,5,35,175,25,2.73,478,2009
LA,37,103,3811,610,1.32,5031,2009
ME,6,50,300,51,1.86,558,2009
MI,66,60,3960,1505,1.51,5980,2009
MN,122,65,7930,1427,1.4,11102,2009
MS,14,104,1456,87,1.32,1922,2009
MO,11,47,517,57,1.98,1024,2009
MT,146,70,10220,3577,1.45,14819,2009
NE,48,56,2688,1102,1.44,3871,2009
NV,10,52,520,57,1.29,671,2009
NJ,9,32,288,46,1.93,556,2009
NM,7,60,420,143,1.63,685,2009
NY,47,65,3055,978,1.83,5591,2009
NC,11,45,495,84,2.52,1247,2009
ND,450,77,34650,7623,1.37,47471,2009
OH,11,50,550,132,2.75,1513,2009
OR,55,34,1870,767,1.49,2786,2009
PA,21,40,840,319,1.99,1672,2009
SD,270,66,17820,6237,1.39,24770,2009
TN,7,51,357,86,2.35,839,2009
TX,74,63,4662,886,1.38,6434,2009
UT,26,38,988,198,1.47,1452,2009
VT,5,49,245,69,2.36,578,2009
VA,6,39,234,56,3.28,768,2009
WA,62,44,2728,1064,1.49,4065,2009
WV,5,37,185,33,2.67,494,2009
WI,63,60,3780,1588,1.51,5708,2009
WY,37,48,1776,391,1.43,2540,2009
Other,15,51,768,127,2.8,2150,2009
US,2462,58.5,144108,37153,1.445,208236,2009
AL,9,54,486,73,2.22,1079,2010
AZ,24,77,1848,665,1.43,2643,2010
AR,25,60,1500,360,1.47,2205,2010
CA,410,67,27470,6318,1.56,42853,2010
CO,34,56,1904,533,1.5,2856,2010
FL,200,69,13800,1794,1.57,21666,2010
GA,55,46,2530,152,1.67,4225,2010
HI,10,77,770,239,2.27,1748,2010
ID,98,27,2646,1191,1.5,3969,2010
IL,9,41,369,92,3.05,1125,2010
IN,10,43,430,151,2.26,972,2010
IA,27,49,1323,463,1.89,2500,2010
KS,9,52,468,103,2.29,1072,2010
KY,5,67,335,67,2.64,884,2010
LA,21,80,1680,269,1.48,2486,2010
ME,6,41,246,39,2.11,519,2010
MI,70,58,4060,1502,1.64,6658,2010
MN,126,66,8316,1746,1.54,12807,2010
MS,16,98,1568,78,1.47,2305,2010
MO,11,52,572,92,1.8,1030,2010
MT,157,74,11618,2905,1.55,18008,2010
NE,44,55,2420,1041,1.49,3606,2010
NJ,13,35,455,73,1.75,796,2010
NM,7,66,462,157,1.58,730,2010
NY,47,64,3008,1173,1.78,5354,2010
NC,13,46,598,138,2.73,1633,2010
ND,510,91,46410,12995,1.51,70079,2010
OH,17,62,1054,327,2.23,2350,2010
OR,59,39,2301,874,1.62,3728,2010
PA,30,37,1110,377,2.05,2276,2010
SD,265,59,15635,4847,1.54,24078,2010
TN,8,63,504,106,2.45,1235,2010
TX,100,72,7200,792,1.53,11016,2010
UT,26,30,780,195,1.52,1186,2010
VT,4,65,260,73,2.21,575,2010
VA,5,37,185,37,3.31,612,2010
WA,71,37,2627,1077,1.52,3993,2010
WV,5,38,190,38,2.39,454,2010
WI,68,64,4352,1654,1.67,7268,2010
WY,34,36,1224,282,1.6,1958,2010
Other,26,46,1190,219,2.56,3046,2010
US,2684,65.5,175904,45307,1.6030000000000002,281974,2010
AL,9,50,450,63,2.5,1125,2011
AZ,23,53,1219,427,1.5,1829,2011
AR,22,64,1408,239,1.61,2267,2011
CA,370,48,17760,3730,1.61,28594,2011
CO,31,55,1705,443,1.68,2864,2011
FL,180,61,10980,988,1.65,18117,2011
GA,65,43,2795,196,1.61,4500,2011
HI,9,74,666,246,4.71,3137,2011
ID,87,36,3132,1879,1.78,5575,2011
IL,7,50,350,98,3.98,1393,2011
IN,8,51,408,147,2.06,840,2011
IA,25,62,1550,961,1.95,3023,2011
KS,7,44,308,117,2.15,662,2011
KY,4,39,156,12,2.8,437,2011
LA,36,77,2772,471,1.67,4629,2011
ME,4,30,120,17,1.91,229,2011
MI,74,64,4736,2084,1.76,8335,2011
MN,120,53,6360,2099,1.59,10112,2011
MS,18,115,2070,104,1.53,3167,2011
MO,8,43,344,76,2.09,719,2011
MT,145,92,13340,3202,1.64,21878,2011
NE,41,59,2419,653,1.73,4185,2011
NJ,11,41,451,135,3.76,1696,2011
NM,7,56,392,153,1.66,651,2011
NY,49,56,2744,1235,1.93,5296,2011
NC,14,62,868,95,2.82,2448,2011
ND,460,71,32660,7512,1.66,54216,2011
OH,15,66,990,228,2.26,2237,2011
OR,60,34,2040,755,1.74,3550,2011
PA,24,44,1056,306,2.42,2556,2011
SD,250,66,16500,4290,1.65,27225,2011
TN,7,44,308,68,2.98,918,2011
TX,78,58,4524,633,1.77,8007,2011
UT,23,39,897,170,1.75,1570,2011
VT,4,43,172,43,2.3,396,2011
VA,4,40,160,21,4,640,2011
WA,71,38,2698,836,1.76,4748,2011
WV,4,53,212,45,2.42,513,2011
WI,57,63,3591,1508,1.8,6464,2011
WY,35,54,1890,265,1.76,3326,2011
Other,25,46,1156,211,2.86,3306,2011
US,2491,59.6,148357,36761,1.729,256509,2011
AL,8,54,432,65,2.43,1050,2012
AZ,22,46,1012,253,1.7,1720,2012
AR,26,63,1638,197,1.84,3014,2012
CA,340,35,11900,3213,1.93,22967,2012
CO,26,48,1248,487,2.12,2646,2012
FL,199,64,12736,1274,1.81,23052,2012
GA,62,51,3162,190,1.89,5976,2012
HI,10,75,750,263,3.19,2393,2012
ID,96,32,3072,553,1.61,4946,2012
IL,7,61,427,145,3.4,1452,2012
IN,9,59,531,228,2.44,1296,2012
IA,38,61,2318,1229,2.11,4891,2012
KS,7,55,385,146,2.35,905,2012
KY,5,51,255,41,3.18,811,2012
LA,41,86,3526,141,1.77,6241,2012
ME,4,34,136,24,2.25,306,2012
MI,76,57,4332,1386,2.03,8794,2012
MN,130,67,8710,1655,1.88,16375,2012
MS,19,118,2242,67,1.63,3654,2012
MO,7,53,371,108,2.56,950,2012
MT,149,52,7748,2479,1.91,14799,2012
NE,44,65,2860,1173,1.91,5463,2012
NJ,14,33,462,51,1.88,869,2012
NM,5,52,260,99,3.13,814,2012
NY,52,51,2652,1008,2.28,6047,2012
NC,13,39,507,106,3.69,1871,2012
ND,495,69,34155,6148,1.89,64553,2012
OH,19,60,1140,433,2.42,2759,2012
OR,62,32,1984,873,2.11,4186,2012
PA,17,60,1020,286,2.62,2672,2012
SD,270,63,17010,3742,1.94,32999,2012
TN,7,61,427,68,2.85,1217,2012
TX,95,52,4940,741,2,9880,2012
UT,26,38,988,217,1.85,1828,2012
VT,4,60,240,53,2.34,562,2012
VA,4,41,164,23,3.85,631,2012
WA,64,41,2624,1050,2.35,6166,2012
WV,7,48,336,111,2.8,941,2012
WI,63,69,4347,1956,2.04,8868,2012
WY,51,51,2601,468,1.82,4734,2012
Other,31,47,1444,172,3.04,4390,2012
US,2624,56.1,147092,32922,1.9509999999999998,286976,2012
AL,7,52,364,55,2.81,1023,2013
AZ,29,36,1044,251,1.89,1973,2013
AR,22,60,1320,66,2.01,2653,2013
CA,330,33,10890,2505,2.1,22869,2013
CO,26,43,1118,324,2.1,2348,2013
FL,220,61,13420,1074,2.04,27377,2013
GA,67,50,3350,637,2.24,7504,2013
HI,13,83,1079,65,1.98,2136,2013
ID,83,32,2656,1036,2.01,5339,2013
IL,7,48,336,101,4.15,1394,2013
IN,6,47,282,82,2.67,753,2013
IA,39,48,1872,1217,2.54,4755,2013
KS,6,46,276,39,2.55,704,2013
KY,3,41,123,17,3.02,371,2013
LA,50,98,4900,490,1.83,8967,2013
ME,7,43,301,27,3.03,912,2013
MI,85,55,4675,982,2.13,9958,2013
MN,130,58,7540,1282,1.97,14854,2013
MS,17,116,1972,39,1.85,3648,2013
MO,10,47,470,85,2.53,1189,2013
MT,159,94,14946,5231,2.08,31088,2013
NE,46,60,2760,1628,2.06,5686,2013
NJ,11,44,484,34,3.89,1883,2013
NY,55,48,2640,1030,1.99,5254,2013
NC,10,38,380,84,3.63,1379,2013
ND,480,69,33120,6955,2.04,67565,2013
OH,17,45,765,390,3.21,2456,2013
OR,62,35,2170,456,2.29,4969,2013
PA,13,45,585,257,2.98,1743,2013
SD,265,56,14840,6381,2.06,30570,2013
TN,7,45,315,63,3.58,1128,2013
TX,106,59,6254,1689,2.12,13258,2013
UT,30,34,1020,92,2.07,2111,2013
VT,3,51,153,46,3.31,506,2013
VA,5,35,175,42,4.23,740,2013
WA,69,39,2691,1023,2.21,5947,2013
WV,6,46,276,83,3.56,983,2013
WI,59,60,3540,1558,2.31,8177,2013
WY,47,66,3102,558,2.11,6545,2013
Other,33,39,1295,186,4.17,5400,2013
US,2640,56.6,149499,38160,2.121,317087,2013
AL,7,53,371,26,3.4,1261,2014
AZ,26,39,1014,193,2.02,2048,2014
AR,21,65,1365,137,2,2730,2014
CA,320,39,12480,2995,2.03,25334,2014
CO,27,37,999,200,2,1998,2014
FL,245,60,14700,1029,2.08,30576,2014
GA,73,62,4526,362,2.19,9912,2014
HI,15,93,1395,140,2.28,3181,2014
ID,100,34,3400,850,2.03,6902,2014
IL,8,49,392,94,4.41,1729,2014
IN,5,62,310,115,3.24,1004,2014
IA,35,43,1505,933,2.51,3778,2014
KS,7,75,525,84,2.33,1223,2014
KY,5,47,235,56,3.93,924,2014
LA,48,84,4032,524,2.26,9112,2014
ME,8,47,376,41,5.36,2015,2014
MI,91,63,5733,1835,2.5,14333,2014
MN,132,60,7920,1426,2.06,16315,2014
MS,20,112,2240,45,2.01,4502,2014
MO,12,47,564,96,3.57,2013,2014
MT,162,88,14256,5132,2.05,29225,2014
NE,50,75,3750,1688,2.1,7875,2014
NJ,12,30,360,119,2.98,1073,2014
NY,60,55,3300,1518,2.72,8976,2014
NC,12,43,516,88,3.47,1791,2014
ND,490,86,42140,9271,2,84280,2014
OH,15,61,915,256,3.52,3221,2014
OR,71,40,2840,767,2.19,6220,2014
PA,17,46,782,203,2.75,2151,2014
SC,9,54,486,19,3.83,1861,2014
SD,280,87,24360,5846,2.09,50912,2014
TN,7,63,441,88,3.23,1424,2014
TX,116,78,9048,2081,2.23,20177,2014
UT,29,28,812,130,2.13,1730,2014
VT,3,58,174,61,5.03,875,2014
VA,6,41,246,57,5.07,1247,2014
WA,68,44,2992,1167,2.48,7420,2014
WV,6,31,186,33,4.04,751,2014
WI,53,54,2862,1030,2.32,6640,2014
WY,38,61,2318,255,2.06,4775,2014
Other,31,45,1404,202,3.58,5026,2014
US,2740,65.1,178270,41192,2.161,385241,2014
AL,7,47,329,13,3.83,1260,2015
AZ,26,49,1274,306,2.17,2765,2015
AR,24,72,1728,121,2.02,3491,2015
CA,275,30,8250,1485,2.04,16830,2015
CO,29,51,1479,399,2.18,3224,2015
FL,220,54,11880,832,1.97,23404,2015
GA,69,40,2760,221,2.42,6679,2015
HI,14,102,1428,71,1.95,2785,2015
ID,89,32,2848,1082,1.92,5468,2015
IL,8,51,408,155,4.32,1763,2015
IN,6,53,318,165,3.38,1075,2015
IA,36,50,1800,990,2.33,4194,2015
KS,8,36,288,107,3.52,1014,2015
KY,5,46,230,55,3.86,888,2015
LA,44,99,4356,348,1.93,8407,2015
ME,10,47,470,47,5.51,2590,2015
MI,90,58,5220,1984,2.43,12685,2015
MN,122,68,8296,2157,1.83,15182,2015
MS,15,83,1245,87,2.64,3287,2015
MO,10,52,520,52,3.5,1820,2015
MT,146,83,12118,3757,1.94,23509,2015
NE,57,48,2736,1450,2.02,5527,2015
NJ,12,27,324,207,4.2,1361,2015
NY,58,62,3596,899,2.94,10572,2015
NC,12,45,540,103,4.52,2441,2015
ND,490,74,36260,9428,1.8,65268,2015
OH,17,50,850,357,4.08,3468,2015
OR,71,38,2698,809,2.52,6799,2015
PA,17,53,901,225,3.63,3271,2015
SC,14,67,938,38,4.09,3836,2015
SD,290,66,19140,9379,1.79,34261,2015
TN,7,59,413,78,4.07,1681,2015
TX,126,66,8316,1164,2.09,17380,2015
UT,27,42,1134,147,1.93,2189,2015
VT,5,52,260,62,4.23,1100,2015
VA,6,38,228,50,5.67,1293,2015
WA,73,44,3212,1221,1.64,5268,2015
WV,5,35,175,32,4.44,777,2015
WI,52,67,3484,1603,2.41,8396,2015
WY,38,77,2926,146,1.9,5559,2015
Other,30,39,1168,371,5.03,5875,2015
US,2660,58.9,156544,42203,2.09,327177,2015
AL,7,52,364,33,3.37,1227,2016
AZ,27,46,1242,261,1.99,2472,2016
AR,24,69,1656,99,1.84,3047,2016
CA,310,36,11160,2009,2,22320,2016
CO,32,40,1280,282,2.17,2778,2016
FL,215,50,10750,538,2.44,26230,2016
GA,96,39,3744,899,2.69,10071,2016
HI,16,113,1808,127,2.31,4176,2016
ID,97,34,3298,1253,1.72,5673,2016
IL,10,48,480,77,5.39,2587,2016
IN,7,62,434,208,3.36,1458,2016
IA,37,48,1776,746,2.07,3676,2016
KS,7,48,336,54,2.97,998,2016
KY,5,46,230,48,4.02,925,2016
LA,50,86,4300,301,1.93,8299,2016
ME,12,34,408,65,3.21,1310,2016
MI,89,60,5340,1709,2.25,12015,2016
MN,124,59,7316,1390,1.64,11998,2016
MS,19,85,1615,113,1.74,2810,2016
MO,8,62,496,30,2.18,1081,2016
MT,159,77,12243,3183,1.75,21425,2016
NE,48,46,2208,640,1.88,4151,2016
NJ,12,27,324,198,6.69,2168,2016
NY,64,57,3648,1167,3.2,11674,2016
NC,12,37,444,89,4.61,2047,2016
ND,485,78,37830,6809,1.73,65446,2016
OH,15,79,1185,664,3.84,4550,2016
OR,74,35,2590,622,2.06,5335,2016
PA,19,50,950,266,3.15,2993,2016
SC,16,45,720,36,4.5,3240,2016
SD,280,71,19880,12127,1.74,34591,2016
TN,6,55,330,69,4.78,1577,2016
TX,133,70,9310,2607,1.96,18248,2016
UT,31,32,992,169,1.91,1895,2016
VT,6,52,312,69,2.82,880,2016
VA,5,38,190,30,5.82,1106,2016
WA,84,35,2940,412,1.88,5527,2016
WV,5,32,160,43,3.73,597,2016
WI,54,62,3348,1205,2.44,8169,2016
WY,40,68,2720,190,1.76,4787,2016
Other,35,44,1525,416,4.26,6497,2016
US,2775,58.3,161882,41253,2.075,335905,2016
AL,7,45,315,22,2.77,873,2017
AZ,22,40,880,97,1.96,1725,2017
AR,29,77,2233,223,1.91,4265,2017
CA,335,41,13735,2198,2.09,28706,2017
CO,33,43,1419,284,2.06,2923,2017
FL,205,43,8815,529,2.4,21156,2017
GA,99,32,3168,190,2.96,9377,2017
HI,12,131,1572,16,1.51,2374,2017
ID,95,44,4180,1045,1.79,7482,2017
IL,11,46,506,167,4.76,2409,2017
IN,7,48,336,128,3.94,1324,2017
IA,35,58,2030,1035,2.22,4507,2017
KS,7,79,553,260,4.18,2312,2017
KY,5,38,190,42,4.08,775,2017
LA,43,81,3483,279,1.88,6548,2017
ME,12,33,396,51,5.45,2158,2017
MI,87,45,3915,822,2.41,9435,2017
MN,126,62,7812,1016,1.86,14530,2017
MS,13,80,1040,83,1.81,1882,2017
MO,8,65,520,57,3.53,1836,2017
MT,145,72,10440,2506,2.3,24012,2017
NE,42,63,2646,423,1.99,5266,2017
NJ,13,28,364,167,7.86,2861,2017
NY,57,56,3192,766,3.01,9608,2017
NC,11,41,451,99,4.34,1957,2017
ND,455,74,33670,4377,1.89,63636,2017
OH,15,73,1095,657,3.12,3416,2017
OR,78,40,3120,998,1.89,5897,2017
PA,16,46,736,177,3.4,2502,2017
SC,16,34,544,27,3.06,1665,2017
SD,255,57,14535,6541,1.91,27762,2017
TN,7,41,287,75,4.68,1343,2017
TX,120,66,7920,2297,2.11,16711,2017
UT,27,31,837,67,2.06,1724,2017
VT,7,45,315,120,4.17,1314,2017
VA,5,35,175,39,5.73,1003,2017
WA,77,45,3465,1594,2.25,7796,2017
WV,6,40,240,50,3.85,924,2017
WI,53,56,2968,683,2.77,8221,2017
WY,39,53,2067,186,1.59,3287,2017
Other,34,43,1473,184,4.11,6054,2017
US,2669,55.3,147638,30577,2.156,318308,2017
AL,6,45,270,14,3.57,964,2018
AZ,24,38,912,109,2.82,2572,2018
AR,28,50,1400,84,1.87,2618,2018
CA,335,41,13735,3022,2.06,28294,2018
CO,31,48,1488,283,2.02,3006,2018
FL,215,49,10535,737,2.4,25284,2018
GA,98,34,3332,200,2.79,9296,2018
HI,17,103,1751,18,1.83,3204,2018
ID,96,31,2976,655,1.96,5833,2018
IL,11,41,451,108,5.01,2260,2018
IN,7,46,322,106,3.75,1208,2018
IA,38,49,1862,1005,2.35,4376,2018
KS,5,73,365,95,3,1095,2018
KY,4,41,164,34,5.42,889,2018
LA,45,83,3735,261,1.9,7097,2018
ME,12,32,384,92,2.68,1029,2018
MI,92,44,4048,729,2.37,9594,2018
MN,119,61,7259,1161,1.88,13647,2018
MS,20,87,1740,70,2.05,3567,2018
MO,9,45,405,36,2.58,1045,2018
MT,160,92,14720,3680,1.92,28262,2018
NE,40,59,2360,850,1.99,4696,2018
NJ,13,31,403,165,7.35,2962,2018
NY,56,48,2688,833,3.34,8978,2018
NC,10,33,330,63,5.55,1832,2018
ND,530,72,38160,4579,1.88,71741,2018
OH,14,73,1022,491,3.61,3689,2018
OR,93,35,3255,1009,2.22,7226,2018
PA,19,44,836,309,3.73,3118,2018
SC,16,48,768,15,3.04,2335,2018
SD,255,47,11985,5154,1.98,23730,2018
TN,7,46,322,84,3.99,1285,2018
TX,132,56,7392,1035,2.06,15228,2018
UT,26,41,1066,75,2.09,2228,2018
VT,7,48,336,94,3.66,1230,2018
VA,4,40,160,35,6.83,1093,2018
WA,77,43,3311,563,2.11,6986,2018
WV,6,37,222,38,4.16,924,2018
WI,51,45,2295,711,2.76,6334,2018
WY,39,56,2184,175,1.89,4128,2018
Other,36,39,1399,314,5.93,8599,2018
US,2803,54.4,152348,29091,2.166,333482,2018
AL,7,42,294,44,3.20,941,2019
AZ,23,46,1058,201,1.97,2084,2019
AR,20,55,1100,176,1.53,1683,2019
CA,335,48,16080,3216,1.56,25085,2019
CO,32,46,1472,500,2.14,3150,2019
FL,205,45,9225,830,2.48,22878,2019
GA,102,33,3366,370,2.61,8785,2019
HI,16,80,1280,51,1.28,1638,2019
ID,92,32,2944,677,1.67,4916,2019
IL,11,39,429,116,4.31,1849,2019
IN,9,55,495,198,3.95,1955,2019
IA,38,55,2090,1170,2.24,4682,2019
KS,7,79,553,171,2.95,1631,2019
KY,6,41,246,44,4.50,1107,2019
LA,54,72,3888,428,2.04,7932,2019
ME,15,35,525,110,2.92,1533,2019
MI,94,50,4700,1363,2.36,11092,2019
MN,118,59,6962,3063,1.63,11348,2019
MS,22,80,1760,141,1.85,3256,2019
MO,10,43,430,73,3.32,1428,2019
MT,173,86,14878,5802,1.48,22019,2019
NE,39,52,2028,223,1.46,2961,2019
NJ,15,28,420,155,3.33,1399,2019
NY,59,58,3422,1027,4.49,15365,2019
NC,14,42,588,118,4.06,2387,2019
ND,520,65,33800,6422,1.40,47320,2019
OH,15,67,1005,442,3.42,3437,2019
OR,87,32,2784,1141,2.07,5763,2019
PA,19,50,950,409,4.24,4028,2019
SC,16,47,752,45,5.01,3768,2019
SD,270,72,19440,7582,1.53,29743,2019
TN,8,57,456,91,4.65,2120,2019
TX,126,60,7560,1814,2.30,17388,2019
UT,22,29,638,89,2.06,1314,2019
VT,6,48,288,84,4.34,1250,2019
VA,5,39,195,49,7.51,1464,2019
WA,81,35,2835,1191,2.12,6010,2019
WV,6,37,222,47,4.50,999,2019
WI,46,47,2162,692,2.99,6464,2019
WY,39,56,2184,306,1.35,2948,2019
Other,30,47,1418,351,5.91,8380,2019
US,2812,55.8,156922,41022,1.97,309136,2019
